City_ID,City,Lat,Lng,Max Temp,Humidity,Cloudiness,Wind Speed,Country,Date
0,ribeira grande,38.5167,-28.7,293.02,100,75,10.29,PT,1700993491
1,andergrove,-21.0833,149.1833,298.51,85,100,3.08,AU,1700993492
2,waitangi,-43.9535,-176.5597,287.49,97,94,1.34,NZ,1700993492
3,longyearbyen,78.2186,15.6401,268.06,80,75,2.06,SJ,1700993492
4,puerto natales,-51.7236,-72.4875,277.24,83,78,6.4,CL,1700993492
5,vilyuysk,63.7553,121.6247,251.82,99,100,2.55,RU,1700993493
6,adamstown,-25.066,-130.1015,294.24,86,100,12.4,PN,1700993493
7,ushuaia,-54.8,-68.3,275.61,92,100,3.65,AR,1700993493
8,quellon,-43.1167,-73.6167,283.65,95,100,1.11,CL,1700993493
9,albany,42.6001,-73.9662,270.78,81,84,1.43,US,1700993494
10,sola,-13.8833,167.55,299.19,82,99,8.71,VU,1700993358
11,smara,26.7384,-11.6719,289.26,67,96,2.77,EH,1700993494
12,geraldton,-28.7667,114.6,296.38,68,75,6.17,AU,1700993416
13,kerikeri,-35.2268,173.9474,283.74,88,0,2.6,NZ,1700993416
14,rongelap,11.1635,166.8941,300.98,76,16,8.66,MH,1700993495
15,faya-largeau,17.9257,19.1043,303.96,13,26,9.18,TD,1700993495
16,cabo san lucas,22.8909,-109.9124,296.21,75,100,2.2,MX,1700993495
17,puerto ayora,-0.7393,-90.3518,296.79,95,32,3.13,EC,1700993496
18,ancud,-41.8697,-73.8203,282.74,88,100,0.92,CL,1700993496
19,karystos,38.0133,24.4161,286.48,41,16,7.33,GR,1700993496
20,grytviken,-54.2811,-36.5092,276.54,89,83,2.4,GS,1700993496
21,edinburgh of the seven seas,-37.0676,-12.3116,287.44,79,76,12.27,SH,1700993497
22,kenai,60.5544,-151.2583,276.56,94,100,1.54,US,1700993326
23,yaren,-0.5472,166.916,301.56,73,51,0.67,NR,1700993497
24,port-aux-francais,-49.35,70.2167,277.25,69,42,10.56,TF,1700993497
25,uturoa,-16.7333,-151.4333,299.77,71,98,9.68,PF,1700993497
26,papatowai,-46.5619,169.4708,283.44,86,100,0.32,NZ,1700993498
27,ust-nera,64.5667,143.2,248.87,98,100,3.39,RU,1700993498
28,ad douiem,14.0012,32.3116,310.81,13,90,4.5,SD,1700993498
29,ilulissat,69.2167,-51.1,275.16,55,75,5.14,GL,1700993498
30,klyuchi,52.2667,79.1667,275.32,49,78,3.58,RU,1700993499
31,thompson,55.7435,-97.8558,256.23,88,97,4.71,CA,1700993461
32,lebu,-37.6167,-73.65,283.92,91,35,4.48,CL,1700993499
33,mili,6.0815,171.735,301.43,82,100,7.9,MH,1700993499
34,yellowknife,62.456,-114.3525,251.79,91,70,2.24,CA,1700993500
35,badger,64.8,-147.5333,260.08,87,20,0.0,US,1700993500
36,margaret river,-33.95,115.0667,298.13,52,100,1.26,AU,1700993500
37,katabu,-4.9333,122.5167,300.9,70,92,1.72,ID,1700993500
38,shimoda,34.6667,138.95,282.65,70,8,1.94,JP,1700993501
39,stanley,54.868,-1.6985,274.13,93,0,1.54,GB,1700993501
40,iqaluit,63.7506,-68.5145,257.78,93,97,1.33,CA,1700993501
41,vorgashor,67.5833,63.95,261.3,93,100,2.46,RU,1700993466
42,blackmans bay,-43.0167,147.3167,283.22,95,100,0.89,AU,1700993501
43,kapuskasing,49.4169,-82.4331,270.97,74,92,3.08,CA,1700993502
44,peace river,56.2501,-117.286,275.18,97,100,2.42,CA,1700993502
45,west island,-12.1568,96.8225,302.14,65,40,6.69,CC,1700993502
46,lata,40.1629,-8.3327,285.27,68,87,0.58,PT,1700993502
47,coquimbo,-29.9533,-71.3436,287.2,90,31,1.53,CL,1700993378
48,pergamos,35.0417,33.7083,296.6,64,8,14.62,GB,1700993503
49,dakhla,23.6848,-15.958,291.85,66,39,5.94,EH,1700993503
50,pont rouge,48.8833,-72.0825,271.52,85,100,3.49,CA,1700993503
51,tiksi,71.6872,128.8694,251.24,100,97,2.54,RU,1700993504
52,fiche,9.8,38.7333,292.34,20,70,2.5,ET,1700993504
53,crasna,47.1667,22.9,274.4,60,95,8.04,RO,1700993504
54,saudarkrokur,65.7461,-19.6394,275.8,84,85,4.09,IS,1700993504
55,bethel,41.3712,-73.414,272.18,81,0,0.0,US,1700993357
56,onega,63.9061,38.1404,260.82,82,100,2.62,RU,1700993505
57,dunedin,-45.8742,170.5036,284.15,86,97,1.6,NZ,1700993505
58,san julian,21.0167,-102.1667,282.43,52,6,1.56,MX,1700993505
59,mossel bay,-34.1831,22.146,301.11,65,13,4.84,ZA,1700993506
60,keflavik,64.0049,-22.5624,279.39,87,100,3.09,IS,1700993506
61,port alfred,-33.5906,26.891,297.14,85,81,1.34,ZA,1700993506
62,arraias,-12.9288,-46.9437,297.13,72,75,2.23,BR,1700993506
63,wewak,-3.5534,143.6268,300.63,81,71,2.91,PG,1700993506
64,qobustan,40.0824,49.412,295.32,30,0,10.89,AZ,1700993507
65,sinabang,2.4803,96.3801,300.69,76,98,1.46,ID,1700993507
66,tekkali,18.6167,84.2333,300.01,55,27,5.18,IN,1700993507
67,hafnarfjordur,64.0671,-21.9377,279.36,83,97,3.51,IS,1700993507
68,amungan,15.3652,119.9582,300.61,79,37,2.51,PH,1700993508
69,las heras,-46.5419,-68.9359,283.25,51,100,4.84,AR,1700993482
70,kyaukse,21.6,96.1333,302.15,65,20,1.54,MM,1700993418
71,crane,31.3974,-102.3501,281.06,80,40,7.13,US,1700993508
72,smithers,54.7804,-127.1743,272.33,100,100,1.03,CA,1700993509
73,olonkinbyen,70.9221,-8.7187,272.59,78,16,6.74,SJ,1700993509
74,aasiaat,68.7098,-52.8699,271.12,72,70,7.77,GL,1700993509
75,tionk essil,12.7856,-16.5217,299.83,43,0,1.85,SN,1700993509
76,weno,7.4515,151.8468,302.12,79,75,4.63,FM,1700993510
77,poronaysk,49.2167,143.1167,263.47,61,68,5.74,RU,1700993510
78,shendi,16.6915,33.4341,308.88,18,36,5.64,SD,1700993510
79,saint-pierre,-21.3393,55.4781,301.24,61,100,2.57,RE,1700993510
80,bilibino,68.0546,166.4372,258.63,89,27,2.83,RU,1700993511
81,jamestown,42.097,-79.2353,274.92,75,0,2.06,US,1700993409
82,port mathurin,-19.6833,63.4167,298.26,71,17,5.41,MU,1700993511
83,tsiombe,-25.3,45.4833,310.17,30,0,6.62,MG,1700993413
84,kone,-21.0595,164.8658,296.03,75,100,1.19,NC,1700993512
85,nuuk,64.1835,-51.7216,274.49,64,75,11.32,GL,1700993512
86,puerto aysen,-45.4,-72.7,281.94,99,92,1.86,CL,1700993353
87,kolonia,50.9333,6.95,280.35,86,100,3.09,DE,1700993238
88,nabire,-3.3667,135.4833,299.19,88,83,0.92,ID,1700993513
89,champerico,14.3,-91.9167,298.46,81,15,2.57,GT,1700993513
90,la punta,-33.1837,-66.3127,293.16,44,54,6.11,AR,1700993513
91,hanak,41.2336,42.8472,279.1,77,69,6.0,TR,1700993513
92,talnakh,69.4865,88.3972,250.05,98,91,2.81,RU,1700993514
93,la passe,45.5549,-0.8967,277.6,66,63,3.04,FR,1700993514
94,umluj,25.0213,37.2685,302.47,56,39,4.13,SA,1700993514
95,nadi,-17.8,177.4167,299.15,78,75,3.09,FJ,1700993514
96,binbrook,43.121,-79.804,273.05,87,50,1.24,CA,1700993515
97,kotlas,61.2611,46.6556,260.96,90,19,0.89,RU,1700993515
98,clevelandia,-26.3958,-52.4708,289.16,85,34,2.47,BR,1700993515
99,whitehorse,60.7161,-135.0538,274.83,86,100,5.36,CA,1700993515
100,kavieng,-2.5744,150.7967,301.68,77,43,3.59,PG,1700993516
101,anadyr,64.75,177.4833,274.43,100,75,13.0,RU,1700993516
102,nogliki,51.8333,143.1667,256.12,67,0,9.39,RU,1700993516
103,saint-francois,46.4154,3.9054,276.84,100,100,0.51,FR,1700993516
104,hermanus,-34.4187,19.2345,294.69,61,29,3.62,ZA,1700993517
105,san patricio,28.017,-97.5169,290.28,88,100,4.31,US,1700993517
106,fushun,41.8558,123.9233,268.99,83,100,0.79,CN,1700993517
107,arraial do cabo,-22.9661,-42.0278,295.07,73,75,2.06,BR,1700993518
108,ola,59.5833,151.2833,256.56,75,100,5.41,RU,1700993518
109,pullambadi,10.9667,78.9167,299.25,80,99,5.19,IN,1700993518
110,college,64.8569,-147.8028,260.12,81,75,0.0,US,1700993360
111,krutinka,56.0055,71.5113,274.26,96,100,2.78,RU,1700993519
112,leirvik,59.7798,5.5005,276.83,68,79,3.03,NO,1700993519
113,tura,25.5198,90.2201,297.35,61,0,1.18,IN,1700993519
114,hiratacho,35.4333,132.8167,284.67,72,100,2.06,JP,1700993519
115,vorkuta,67.5,64.0,261.33,91,100,2.63,RU,1700993520
116,portage la prairie,49.9728,-98.2926,268.77,52,99,10.08,CA,1700993520
117,al kharijah,25.4514,30.5464,300.19,16,89,4.82,EG,1700993520
118,bredasdorp,-34.5322,20.0403,302.63,32,42,3.12,ZA,1700993520
119,marsh harbour,26.5412,-77.0636,297.33,79,24,4.71,BS,1700993521
120,sungai penuh,-2.0833,101.3833,293.67,98,99,1.04,ID,1700993244
121,linfen,36.0889,111.5189,280.7,36,0,0.93,CN,1700993521
122,villa huidobro,-34.8383,-64.5869,293.1,48,49,3.76,AR,1700993521
123,lumut,4.2323,100.6298,299.0,86,100,1.15,MY,1700993522
124,letlhakane,-21.4167,25.5833,309.86,12,27,5.99,BW,1700993522
125,hengchun,22.0042,120.7439,297.03,74,8,8.11,TW,1700993522
126,ballina,-28.8667,153.5667,293.71,91,95,3.92,AU,1700993522
127,thinadhoo,0.5333,72.9333,301.19,73,100,3.14,MV,1700993523
128,isafjordur,66.0755,-23.124,274.17,93,0,2.06,IS,1700993523
129,yuzhno-kurilsk,44.0306,145.8556,272.8,78,100,7.49,RU,1700993523
130,polyarnyy,69.1989,33.4478,265.75,91,93,1.86,RU,1700993523
131,mapimi,25.8167,-103.85,286.42,37,74,1.61,MX,1700993524
132,banda aceh,5.5577,95.3222,298.02,91,100,2.71,ID,1700993433
133,wailua homesteads,22.0669,-159.378,297.59,83,75,6.17,US,1700993524
134,yerofey pavlovich,53.9667,121.9667,253.31,80,14,1.35,RU,1700993524
135,mundri,-6.9558,111.71,303.39,63,100,0.39,ID,1700993525
136,anloga,5.7947,0.8973,299.84,78,100,0.9,GH,1700993525
137,ironwood,46.4547,-90.171,268.05,86,100,3.09,US,1700993525
138,victoria de durango,24.0333,-104.6667,282.3,20,100,2.14,MX,1700993526
139,kirakira,-10.4544,161.9205,299.62,88,100,3.57,SB,1700993526
140,isahaya,32.8411,130.0431,285.57,76,3,0.26,JP,1700993526
141,codrington,-38.2667,141.9667,285.76,84,100,5.74,AU,1700993526
142,east london,-33.0153,27.9116,297.66,73,94,6.21,ZA,1700993527
143,riviere-du-loup,47.8304,-69.5342,272.49,84,100,7.79,CA,1700993527
144,inirida,3.8653,-67.9239,294.95,99,80,0.41,CO,1700993527
145,wuhai,39.6647,106.8122,278.25,36,0,7.26,CN,1700993527
146,invercargill,-46.4,168.35,283.72,89,89,1.34,NZ,1700993528
147,copiapo,-27.3667,-70.3333,287.95,74,1,0.95,CL,1700993375
148,port blair,11.6667,92.75,303.17,70,40,3.6,IN,1700993528
149,pangody,65.85,74.4859,259.21,95,100,5.42,RU,1700993529
150,port elizabeth,-33.918,25.5701,299.44,68,38,1.79,ZA,1700993529
151,butembo,0.15,29.2833,291.6,93,100,1.07,CD,1700993529
152,usinsk,65.9939,57.5281,259.39,95,100,2.78,RU,1700993529
153,zitlaltepec,19.2069,-97.9083,282.24,90,0,0.64,MX,1700993530
154,carnarvon,-24.8667,113.6333,296.39,67,60,7.4,AU,1700993530
155,buckeye,33.3703,-112.5838,288.61,35,10,2.76,US,1700993371
156,whakatane,-37.9585,176.9854,286.97,88,68,0.47,NZ,1700993402
157,sale,34.0389,-6.8166,290.79,67,20,3.09,MA,1700993531
158,hereford,52.0568,-2.7148,277.78,96,100,1.87,GB,1700993531
159,udachny,66.4167,112.4,256.17,97,100,4.04,RU,1700993531
160,lihue,21.9789,-159.3672,297.92,78,75,6.17,US,1700993531
161,north bend,43.4065,-124.2243,278.75,75,0,3.6,US,1700993532
162,vallenar,-28.5708,-70.7581,288.71,70,4,1.35,CL,1700993532
163,haiku-pauwela,20.9219,-156.3051,297.06,81,20,3.09,US,1700993532
164,grand-popo,6.2804,1.8225,298.83,86,100,2.46,BJ,1700993533
165,georgetown,5.4112,100.3354,303.11,70,20,1.03,MY,1700993533
166,road town,18.4167,-64.6167,299.2,75,60,7.37,VG,1700993533
167,iskateley,67.6803,53.1512,255.94,96,100,1.34,RU,1700993349
168,birjand,32.8663,59.2211,288.58,29,77,2.69,IR,1700993534
169,wau,7.7029,27.9953,304.18,48,100,1.59,SS,1700993534
170,utrik,11.2278,169.8474,301.29,77,88,8.96,MH,1700993534
171,nar'yan-mar,67.6713,53.087,255.99,96,100,1.34,RU,1700993534
172,qa'en,33.7265,59.1844,289.14,21,78,3.74,IR,1700993535
173,orcopampa,-15.2661,-72.3417,281.44,69,81,0.57,PE,1700993535
174,south hedland,-20.4089,118.5983,305.11,55,8,8.23,AU,1700993535
175,hun,29.1268,15.9477,291.44,43,0,4.24,LY,1700993535
176,wenxing,28.6667,112.8833,287.37,54,39,0.67,CN,1700993536
177,hadibu,12.65,54.0333,301.11,69,16,5.6,YE,1700993536
178,kuqa,41.7278,82.9364,281.68,26,4,1.09,CN,1700993536
179,mogi guacu,-22.3722,-46.9422,293.67,82,96,0.93,BR,1700993537
180,hithadhoo,-0.6,73.0833,301.18,74,86,2.74,MV,1700993537
181,sultanah,24.4926,39.5857,304.4,23,0,0.0,SA,1700993538
182,sena madureira,-9.0656,-68.6569,295.48,100,100,1.29,BR,1700993478
183,bocas del toro,9.3333,-82.25,295.93,82,38,2.63,PA,1700993539
184,el quebrachal,-25.2833,-64.0667,292.47,84,68,0.66,AR,1700993539
185,beau vallon,-20.4189,57.6953,301.28,65,40,5.14,MU,1700993539
186,campobello di licata,37.2584,13.9183,286.73,33,3,4.68,IT,1700993541
187,hualien city,23.9769,121.6044,294.52,89,75,3.14,TW,1700993541
188,papao,-17.75,-149.55,298.97,82,74,9.62,PF,1700993541
189,hawaiian paradise park,19.5933,-154.9731,294.88,91,100,3.09,US,1700993542
190,burang,30.25,81.1667,277.05,30,100,2.23,CN,1700993542
191,inhambane,-23.865,35.3833,306.14,52,20,3.09,MZ,1700993503
192,kuala sungai baru,2.3594,102.0353,302.06,83,92,1.77,MY,1700993544
193,soio,-6.1349,12.3689,302.68,63,96,1.24,AO,1700993545
194,darwin,-12.4611,130.8418,303.14,58,75,1.03,AU,1700993545
195,concepcion del oro,24.6333,-101.4167,283.7,31,66,1.17,MX,1700993545
196,nova sintra,14.8667,-24.7167,295.15,69,1,7.36,CV,1700993546
197,tafuna,-14.3358,-170.72,301.28,81,91,6.02,AS,1700993546
198,tolanaro,-25.0319,46.9987,304.21,59,0,9.25,MG,1700993546
199,bargaal,11.2864,51.0773,302.85,51,7,7.38,SO,1700993547
200,fort bragg,35.139,-79.006,279.06,71,100,1.79,US,1700993547
201,komsomol'skiy,43.9783,46.6985,288.59,63,2,2.23,RU,1700993547
202,micheweni,-4.9667,39.8333,300.89,77,40,2.06,TZ,1700993548
203,mount isa,-20.7333,139.5,300.02,61,96,3.09,AU,1700993514
204,taloda,21.5667,74.2167,301.57,55,100,6.64,IN,1700993549
205,borgarnes,64.5383,-21.9206,276.38,88,100,1.64,IS,1700993549
206,sand springs,36.1398,-96.1089,273.1,89,100,3.09,US,1700993549
207,buta,2.7858,24.73,297.75,80,100,1.51,CD,1700993549
208,ellsworth,44.5434,-68.4195,274.62,97,0,0.0,US,1700993550
209,lib,8.3122,167.3766,301.36,80,93,7.97,MH,1700993550
210,ocean shores,46.9737,-124.1563,278.16,93,0,6.71,US,1700993551
211,punta arenas,-53.15,-70.9167,277.1,68,29,8.58,CL,1700993281
212,urucara,-2.5364,-57.76,295.94,98,100,0.93,BR,1700993551
213,atafu village,-8.5421,-172.5159,302.53,72,67,3.99,TK,1700993552
214,shingu,33.7333,135.9833,283.03,83,0,2.07,JP,1700993552
215,khandyga,62.6667,135.6,236.46,98,91,0.47,RU,1700993552
216,weirton heights,40.4084,-80.5392,275.28,78,100,1.94,US,1700993552
217,ulaangom,49.9811,92.0667,262.03,86,82,1.31,MN,1700993553
218,rio grande,-32.035,-52.0986,292.56,73,19,5.21,BR,1700993478
219,mata-utu,-13.2816,-176.1745,302.17,77,95,4.93,WF,1700993553
220,grande prairie,55.1667,-118.8027,271.73,86,83,2.64,CA,1700993553
221,cidreira,-30.1811,-50.2056,293.27,81,75,6.49,BR,1700993554
222,celestun,20.8667,-90.4,297.35,86,31,3.39,MX,1700993554
223,port saint john's,-31.6229,29.5448,296.04,90,100,4.13,ZA,1700993554
224,axim,4.8699,-2.2405,300.9,75,98,4.86,GH,1700993555
225,saipan,15.1355,145.701,301.54,78,0,7.2,MP,1700993555
226,belel,7.05,14.4333,301.2,28,84,3.0,CM,1700993555
227,labuan,5.2767,115.2417,301.47,76,77,1.7,MY,1700993555
228,shohimardon,39.9839,71.8028,282.58,34,100,0.73,UZ,1700993556
229,wad medani,14.4012,33.5199,310.03,18,100,3.27,SD,1700993556
230,rosslau,51.8833,12.25,277.27,87,37,3.1,DE,1700993556
231,la paz,-16.5,-68.15,282.14,77,75,2.06,BO,1700993381
232,barra dos coqueiros,-10.9089,-37.0386,300.16,69,75,4.63,BR,1700993312
233,tsaratanana,-16.7833,47.65,309.22,17,85,4.07,MG,1700993413
234,kashira,54.8444,38.1669,267.31,92,100,3.77,RU,1700993557
235,aldama,22.9167,-98.0667,291.76,91,5,1.42,MX,1700993558
236,pacific grove,36.6177,-121.9166,284.06,62,0,5.14,US,1700993558
237,benguela,-12.5763,13.4055,302.72,67,80,4.03,AO,1700993558
238,holualoa,19.6228,-155.9522,297.06,84,75,6.69,US,1700993558
239,vangaindrano,-23.35,47.6,302.27,65,82,5.16,MG,1700993413
240,joshimath,30.5667,79.5667,290.28,37,100,1.57,IN,1700993559
241,ingeniero jacobacci,-41.3427,-69.5448,288.33,46,100,2.08,AR,1700993559
242,kingston,17.997,-76.7936,295.49,90,99,1.34,JM,1700993378
243,minot air force base,48.4209,-101.3391,268.25,68,100,11.32,US,1700993559
244,howrah,22.5892,88.3103,302.15,48,1,3.6,IN,1700993560
245,teknaf,20.8624,92.3058,299.69,69,12,3.94,BD,1700993560
246,ilha de mocambique,-15.0342,40.7358,301.8,67,59,4.64,MZ,1700993504
247,yangshuo,24.7808,110.4897,292.98,71,9,1.74,CN,1700993305
248,thunder bay,48.4001,-89.3168,269.22,79,100,2.48,CA,1700993330
249,bouarfa,32.53,-1.95,287.02,16,100,0.7,MA,1700993561
250,newnham,-41.3833,147.1333,287.51,71,40,7.2,AU,1700993561
251,berezovyy,51.6667,135.7,257.22,63,29,4.29,RU,1700993561
252,fond du lac,43.775,-88.4388,272.31,86,100,1.54,US,1700993562
253,sandnessjoen,66.0217,12.6316,253.44,79,28,5.09,NO,1700993562
254,dudinka,69.4058,86.1778,247.16,99,93,2.44,RU,1700993562
255,shenjiamen,29.9576,122.298,288.52,71,15,2.35,CN,1700993562
256,new norfolk,-42.7826,147.0587,283.87,96,100,1.65,AU,1700993563
257,vila velha,-20.3297,-40.2925,296.12,77,0,3.58,BR,1700993436
258,phan rang-thap cham,11.5667,108.9833,299.12,81,100,5.46,VN,1700993563
259,enewetak,11.3474,162.3373,301.15,82,84,8.8,MH,1700993563
260,scottburgh,-30.2867,30.7532,297.53,83,85,4.74,ZA,1700993564
261,horta,38.5333,-28.6333,292.6,97,75,10.29,PT,1700993515
262,santa terezinha,-29.9002,-50.0904,292.57,82,91,5.19,BR,1700993564
263,petropavlovsk-kamchatsky,53.0452,158.6483,265.25,74,66,4.47,RU,1700993564
264,ulety,51.3572,112.4849,259.2,96,99,1.13,RU,1700993551
265,gunjur,13.2019,-16.7339,300.19,54,0,2.06,GM,1700993565
266,puerto armuelles,8.2833,-82.8667,299.31,82,100,3.13,PA,1700993565
267,bloemfontein,-29.1211,26.214,307.39,17,44,4.98,ZA,1700993565
268,boca suno,-0.7167,-77.1333,293.3,99,78,0.32,EC,1700993566
269,hilo,19.7297,-155.09,295.0,90,100,3.09,US,1700993558
270,bandar-e genaveh,29.5791,50.517,295.91,48,99,1.21,IR,1700993566
271,iguai,-14.7564,-40.0892,294.63,81,85,2.74,BR,1700993566
272,zelenogorskiy,55.0333,87.0,270.78,96,100,3.13,RU,1700993567
273,ust-tsilma,65.441,52.1498,257.38,97,100,0.89,RU,1700993567
274,hobyo,5.3505,48.5268,302.57,65,57,8.58,SO,1700993567
275,visby,57.6409,18.296,274.27,75,75,6.69,SE,1700993567
276,macon,39.8667,-88.9668,272.66,93,75,0.0,US,1700993568
277,tamanrasset,22.785,5.5228,293.1,15,0,7.2,DZ,1700993568
278,mariental,-24.6333,17.9667,309.44,15,16,6.1,NA,1700993568
279,guarapari,-20.6667,-40.4975,295.31,71,61,1.47,BR,1700993568
280,ryotsu-minato,38.0833,138.4333,285.41,76,82,6.91,JP,1700993569
281,vaxjo,56.8777,14.8091,270.51,87,100,2.57,SE,1700993569
282,opuwo,-18.0607,13.84,301.98,43,93,4.59,NA,1700993569
283,nelson bay,-32.7167,152.15,298.18,75,64,3.58,AU,1700993569
284,bandarbeyla,9.4942,50.8122,301.81,60,59,9.2,SO,1700993570
285,gobabis,-22.45,18.9667,304.08,27,85,3.74,NA,1700993504
286,paragominas,-2.9667,-47.4833,297.45,84,32,1.93,BR,1700993570
287,constantia,44.1833,28.65,273.82,97,100,19.46,RO,1700993556
288,tofol,5.3248,163.0078,301.12,80,94,5.05,FM,1700993571
289,lesozavodsk,45.4794,133.4244,253.99,98,57,2.09,RU,1700993571
290,arvayheer,46.2639,102.775,266.24,48,0,9.7,MN,1700993571
291,fonte boa,-2.4959,-66.2662,295.11,99,100,0.63,BR,1700993571
292,banamba,13.55,-7.45,303.74,11,24,2.39,ML,1700993572
293,tahe,52.3333,124.7333,255.85,81,89,1.35,CN,1700993572
294,hamilton,39.1834,-84.5333,277.58,81,100,2.57,US,1700993572
295,kalmunai,7.4167,81.8167,301.56,76,40,4.13,LK,1700993572
296,ko pha ngan,9.7578,100.0291,298.34,78,100,8.69,TH,1700993573
297,mukharram al fawqani,34.8151,37.0861,292.43,46,2,4.59,SY,1700993573
298,verkh-chebula,56.0308,87.6218,267.49,94,65,2.3,RU,1700993573
299,pisco,-13.7,-76.2167,291.18,88,0,3.09,PE,1700993573
300,marka,1.7159,44.7717,303.08,64,49,6.55,SO,1700993574
301,castillos,-34.1667,-53.8333,288.44,85,4,2.58,UY,1700993574
302,amuntai,-2.4177,115.2494,297.69,98,100,1.15,ID,1700993574
303,tazovsky,67.4667,78.7,253.44,90,29,5.58,RU,1700993574
304,flying fish cove,-10.4217,105.6791,299.97,73,75,4.63,CX,1700993574
305,nouadhibou,20.931,-17.0347,294.14,56,74,7.2,MR,1700993575
306,konarka,19.9,86.1167,302.37,50,34,4.62,IN,1700993575
307,kyaikto,17.3,97.0167,301.83,70,100,3.02,MM,1700993418
308,berdigestyakh,62.0989,126.6992,241.98,98,99,2.81,RU,1700993575
309,lubao,14.9167,120.55,302.99,74,79,3.73,PH,1700993576
310,xinyuan,37.3,99.0,269.45,18,0,4.1,CN,1700993576
311,hailar,49.2,119.7,255.11,97,100,1.26,CN,1700993576
312,amahai,-3.3333,128.9167,299.86,84,100,1.11,ID,1700993296
313,fisterra,42.9049,-9.2629,284.83,80,100,0.88,ES,1700993577
314,lompoc,34.6391,-120.4579,288.03,78,0,3.09,US,1700993577
315,qaqortoq,60.7167,-46.0333,271.54,98,100,2.64,GL,1700993577
316,cabedelo,-6.9811,-34.8339,299.52,64,100,6.37,BR,1700993577
317,torrington,41.8007,-73.1212,271.96,79,78,0.45,US,1700993578
318,chinde,26.8418,88.0763,292.26,58,6,1.42,NP,1700993578
319,kanye,-24.9667,25.3327,306.82,15,6,5.43,BW,1700993578
320,coahuayana de hidalgo,18.7,-103.6583,295.26,72,3,1.73,MX,1700993579
321,sinop,41.7711,34.8709,284.97,76,50,10.65,TR,1700993579
322,brisas de zicatela,15.8369,-97.0419,298.94,75,87,1.4,MX,1700993579
323,murashi,59.3999,48.9615,267.26,96,100,1.23,RU,1700993579
324,urzhar,47.093,81.6294,279.53,40,91,1.78,KZ,1700993580
325,roanoke,37.271,-79.9414,274.43,86,0,1.54,US,1700993541
326,chaumont,48.1167,5.1333,273.91,83,63,2.09,FR,1700993580
327,sitka,57.0531,-135.33,282.09,87,100,0.0,US,1700993580
328,ponta delgada,37.7333,-25.6667,293.55,88,75,9.26,PT,1700993581
329,rivera,-30.9053,-55.5508,287.84,88,9,3.28,UY,1700993476
330,tuni,17.35,82.55,300.77,64,65,5.58,IN,1700993356
331,ape,57.5393,26.6929,266.98,87,91,2.24,LV,1700993581
332,kurchatov,51.6601,35.6521,274.49,95,100,6.46,RU,1700993417
333,morehead city,34.7229,-76.726,282.15,91,100,4.12,US,1700993500
334,tharad,24.3961,71.6267,299.75,43,60,3.86,IN,1700993298
335,chonchi,-42.6128,-73.8092,283.77,92,100,0.21,CL,1700993582
336,kodiak,57.79,-152.4072,275.88,93,75,3.09,US,1700993288
337,marang,5.2056,103.2059,298.54,89,100,3.08,MY,1700993583
338,tralee,52.2704,-9.7026,282.29,100,40,2.06,IE,1700993583
339,ribeira,42.7461,-8.4439,284.55,99,40,1.54,ES,1700993583
340,san antonio de pale,-1.4014,5.6325,299.7,83,97,4.18,GQ,1700993583
341,olyokminsk,60.3736,120.4264,249.69,96,99,2.22,RU,1700993584
342,saldanha,-33.0117,17.9442,292.55,68,19,6.82,ZA,1700993584
343,mattoon,39.4831,-88.3728,272.97,86,0,1.54,US,1700993584
344,graham,47.0529,-122.2943,275.74,94,0,0.0,US,1700993584
345,nalut,30.3333,10.85,288.81,39,100,2.47,LY,1700993585
346,kruisfontein,-34.0033,24.7314,302.03,40,38,6.16,ZA,1700993585
347,stephenville,32.2207,-98.2023,278.11,91,100,3.13,US,1700993585
348,okakarara,-20.5833,17.4333,302.53,35,95,3.85,NA,1700993585
349,verkhotur'ye,58.8627,60.8054,271.16,96,85,1.71,RU,1700993586
350,leer,53.2316,7.461,279.26,94,83,1.62,DE,1700993586
351,orsta,62.2029,6.1272,278.27,93,75,1.03,NO,1700993586
352,richards bay,-28.783,32.0377,301.47,66,76,4.19,ZA,1700993586
353,takoradi,4.8845,-1.7554,301.2,73,81,3.8,GH,1700993375
354,kosice,48.6667,21.3333,276.56,51,40,8.23,SK,1700993587
355,'ain el berd,35.3639,-0.5128,283.6,33,8,1.7,DZ,1700993587
356,sittwe,20.15,92.9,299.45,74,7,3.88,MM,1700993587
357,kemijarvi,66.7131,27.4306,254.31,99,53,1.37,FI,1700993588
358,tamiahua,21.2667,-97.45,292.79,92,3,1.85,MX,1700993588
359,st. john's,47.5649,-52.7093,270.13,78,1,1.34,CA,1700993441
360,bealanana,-14.55,48.7333,302.85,23,99,2.46,MG,1700993588
361,nemuro,43.3236,145.575,273.57,64,15,8.57,JP,1700993589
362,bayramaly,37.6185,62.1671,298.41,22,82,11.63,TM,1700993589
363,sisak,45.4661,16.3783,276.14,56,25,0.71,HR,1700993589
364,homer,59.6425,-151.5483,278.08,93,100,0.89,US,1700993589
365,san pedro pochutla,15.7333,-96.4667,296.85,76,89,1.42,MX,1700993589
366,labrador city,52.9463,-66.9114,265.1,86,100,4.63,CA,1700993590
367,colonia,50.9333,6.95,280.35,86,100,3.09,DE,1700993432
368,vadso,70.0744,29.7487,268.24,68,40,3.6,NO,1700993590
369,hassi messaoud,31.6804,6.0729,292.4,21,98,1.8,DZ,1700993591
370,pauini,-7.7136,-66.9764,295.26,99,100,0.17,BR,1700993591
371,ipameri,-17.7219,-48.1597,296.17,79,51,4.63,BR,1700993591
372,waddan,29.1614,16.139,291.37,43,0,4.39,LY,1700993591
373,tazacorte,28.629,-17.9293,294.9,66,75,2.06,ES,1700993592
374,bayevo,53.2833,80.7667,275.2,54,100,5.44,RU,1700993478
375,ca mau,9.1769,105.15,298.58,89,100,3.87,VN,1700993592
376,nova olimpia,-14.7972,-57.2881,297.61,80,10,0.89,BR,1700993592
377,pursat,12.3333,103.6667,299.92,79,98,0.25,KH,1700993593
378,avarua,-21.2078,-159.775,297.18,88,75,6.17,CK,1700993593
379,corinto,37.9407,22.9573,285.87,52,14,3.13,GR,1700993593
380,bikenibeu village,1.3673,173.1241,301.74,76,38,3.31,KI,1700993593
381,bel ombre,-4.6167,55.4167,301.51,71,94,2.67,SC,1700993594
382,orkney,-26.9802,26.6727,308.62,13,36,3.4,ZA,1700993594
383,smidovich,48.6,133.8167,255.76,88,3,4.72,RU,1700993594
384,akrehamn,59.2667,5.1833,276.71,87,75,3.09,NO,1700993594
385,filey,54.21,-0.2892,277.06,89,100,0.45,GB,1700993595
386,lake city,30.1897,-82.6393,287.51,94,99,2.72,US,1700993406
387,santa cruz,-17.8,-63.1667,295.85,88,75,1.03,BO,1700993329
388,pangai,-19.8,-174.35,299.42,86,10,3.99,TO,1700993595
389,constitucion,-35.3333,-72.4167,286.83,83,0,1.22,CL,1700993596
390,susuman,62.7833,148.1667,248.72,98,100,2.41,RU,1700993596
391,lerwick,60.1545,-1.1494,281.15,86,100,8.05,GB,1700993596
392,santa fe,-31.6333,-60.7,293.72,79,67,2.56,AR,1700993527
393,sao jose da coroa grande,-8.8978,-35.1478,299.01,64,100,4.28,BR,1700993384
394,frederikshavn,57.4407,10.5366,275.86,65,65,2.58,DK,1700993597
395,madera,37.1666,-119.8343,282.64,66,0,1.79,US,1700993597
396,macaubas,-13.0194,-42.6986,296.55,67,2,2.19,BR,1700993597
397,acarau,-2.8856,-40.12,299.66,77,100,6.73,BR,1700993598
398,kismayo,-0.3582,42.5454,302.99,66,63,4.13,SO,1700993598
399,bedesa,8.9,40.7833,297.33,27,96,4.66,ET,1700993598
400,vilyuchinsk,52.9306,158.4028,266.07,82,81,6.38,RU,1700993557
401,newman,37.3138,-121.0208,278.18,59,25,1.6,US,1700993599
402,gadzhiyevo,69.2551,33.3362,265.7,92,93,2.27,RU,1700993599
403,international falls,48.6011,-93.411,269.34,79,69,4.63,US,1700993327
404,salinas,36.6777,-121.6555,284.29,61,0,5.66,US,1700993599
405,port-vila,-17.7338,168.3219,294.93,88,20,1.03,VU,1700993600
406,xining,36.6167,101.7667,279.44,22,0,3.1,CN,1700993600
407,lake monticello,37.9232,-78.3347,271.68,73,100,0.57,US,1700993600
408,jindabyne,-36.4167,148.6333,286.49,83,78,0.82,AU,1700993600
409,miyaly,48.8844,53.7836,280.95,59,100,9.38,KZ,1700993601
410,saint croix,17.7397,-64.7388,298.4,88,75,4.12,VI,1700993389
411,kamloops,50.6665,-120.3192,275.14,81,100,0.0,CA,1700993601
412,betio village,1.358,172.9211,301.92,75,34,3.15,KI,1700993601
413,saint-paul,-21.0096,55.2707,302.2,83,41,2.12,RE,1700993602
414,bella union,-30.2752,-57.6007,290.64,83,9,3.38,UY,1700993602
415,sabang,5.8933,95.3214,298.15,90,100,3.97,ID,1700993602
416,atbasar,51.8,68.3333,273.34,76,98,2.25,KZ,1700993391
417,minas de marcona,-15.2119,-75.1103,287.13,85,93,4.22,PE,1700993603
418,olinda,-8.0089,-34.8553,300.0,69,75,5.14,BR,1700993603
419,dubbo,-32.25,148.6167,297.22,38,67,2.06,AU,1700993603
420,paracuru,-3.41,-39.0306,299.32,74,100,5.99,BR,1700993603
421,sur,22.5667,59.5289,299.71,57,0,5.62,OM,1700993604
422,dingli,35.8614,14.3822,288.24,33,20,5.66,MT,1700993604
423,port lincoln,-34.7333,135.8667,289.31,78,35,7.68,AU,1700993604
424,puerto deseado,-47.7503,-65.8938,284.79,41,100,6.5,AR,1700993604
425,lagunas,-5.2269,-75.6753,294.87,98,91,0.93,PE,1700993605
426,conduaga,8.862,117.4893,300.65,81,100,1.09,PH,1700993605
427,medina,24.4686,39.6142,304.39,23,0,0.0,SA,1700993431
428,martapura,-3.4167,114.85,297.2,100,40,1.54,ID,1700993605
429,guanica,17.9716,-66.908,298.25,68,13,2.32,PR,1700993606
430,semporna,4.4818,118.6112,299.71,85,100,2.36,MY,1700993606
431,gaiman,-43.2897,-65.4929,292.11,35,63,6.16,AR,1700993606
432,kratie,12.4881,106.0188,301.3,72,87,3.18,KH,1700993606
433,priob'ye,62.5206,65.5964,257.05,100,45,0.74,RU,1700993607
434,cooma,-36.2333,149.1333,287.47,78,93,1.26,AU,1700993607
435,karratha,-20.7377,116.8463,302.83,47,0,7.92,AU,1700993423
436,al jawf,29.5,38.75,299.79,23,61,6.7,SA,1700993607
437,fale old settlement,-9.3852,-171.2468,302.37,72,79,3.16,TK,1700993607
438,al wajh,26.2455,36.4525,303.12,58,40,5.14,SA,1700993608
439,jiuquan,39.7432,98.5174,278.28,30,5,1.6,CN,1700993608
440,bahia honda,22.9036,-83.1592,295.78,92,8,2.08,CU,1700993610
441,as sulayyil,20.4607,45.5779,304.29,23,48,3.3,SA,1700993610
442,funafuti,-8.5243,179.1942,302.15,89,75,4.12,TV,1700993610
443,caleta de carquin,-11.0925,-77.6267,291.84,88,98,4.03,PE,1700993610
444,conceicao da barra,-18.5933,-39.7322,298.02,60,100,3.66,BR,1700993610
445,mount pearl,47.5166,-52.7813,269.67,78,0,2.92,CA,1700993546
446,san luis de la loma,17.2706,-100.8939,297.87,73,3,1.94,MX,1700993611
447,cerritos,33.8583,-118.0648,289.47,30,0,4.63,US,1700993611
448,severo-yeniseyskiy,60.3725,93.0408,247.36,100,6,1.37,RU,1700993611
449,guiglo,6.5456,-7.4966,301.56,63,20,1.95,CI,1700993612
450,haizhou,34.5817,119.1289,282.36,81,96,2.28,CN,1700993612
451,albu kamal,34.45,40.9186,298.84,26,6,5.47,SY,1700993612
452,ha'il,27.5219,41.6907,300.16,24,0,2.06,SA,1700993612
453,afaahiti,-17.75,-149.2833,298.08,83,88,8.53,PF,1700993613
454,nantucket,41.2835,-70.0995,277.05,81,75,1.54,US,1700993613
455,aquidauana,-20.4711,-55.7872,295.89,95,94,2.47,BR,1700993613
456,tual,-5.6667,132.75,301.68,75,92,3.21,ID,1700993614
457,alaghsas,17.0187,8.0168,303.81,13,52,5.31,NE,1700993614
458,ed damer,17.5928,33.9592,308.66,20,59,4.01,SD,1700993614
459,dzhangala,49.2167,50.3333,282.91,58,100,6.66,KZ,1700993614
460,nadym,65.5333,72.5167,261.42,95,100,4.57,RU,1700993615
461,puerto baquerizo moreno,-0.9,-89.6,296.85,82,98,5.08,EC,1700993615
462,zabaykal'sk,49.6333,117.3167,255.48,99,100,0.75,RU,1700993615
463,labe,11.3182,-12.2833,298.44,52,17,0.47,GN,1700993615
464,praia,14.9215,-23.5087,299.45,57,40,7.2,CV,1700993616
465,bamboo flat,11.7,92.7167,303.2,70,40,3.6,IN,1700993616
466,portland,45.5234,-122.6762,278.75,77,0,5.81,US,1700993503
467,egilsstadir,65.2653,-14.3948,269.1,93,100,1.03,IS,1700993616
468,pacocha,-17.5833,-71.3333,291.73,84,82,1.82,PE,1700993616
469,nicoya,10.1483,-85.452,296.19,92,16,0.54,CR,1700993617
470,wakkanai,45.4094,141.6739,270.98,66,100,5.36,JP,1700993617
471,illizi,26.4833,8.4667,294.61,26,18,3.61,DZ,1700993617
472,yambio,4.5721,28.3955,296.66,83,100,2.69,SS,1700993617
473,kapa'a,22.0752,-159.319,298.33,83,75,6.17,US,1700993618
474,namibe,-15.1961,12.1522,301.44,66,85,5.14,AO,1700993358
475,bousso,10.4795,16.7117,310.12,15,61,3.08,TD,1700993618
476,daru,-9.0763,143.2092,299.45,84,65,5.37,PG,1700993618
477,dryden,49.7833,-92.7503,269.31,74,100,6.17,CA,1700993619
478,mukalla,14.5425,49.1242,302.02,54,2,3.81,YE,1700993619
479,zakamensk,50.3741,103.2863,265.18,88,100,2.2,RU,1700993619
480,enoch,37.7733,-113.0244,267.3,85,0,1.54,US,1700993620
481,sechura,-5.5569,-80.8222,292.01,84,37,3.62,PE,1700993620
482,fortuna,40.5982,-124.1573,276.12,100,0,5.66,US,1700993620
483,mount gambier,-37.8333,140.7667,285.54,79,99,4.31,AU,1700993620
484,turtas,58.9417,69.1325,267.99,98,49,1.01,RU,1700993620
485,san pedro,14.35,121.0167,301.72,82,20,2.24,PH,1700993621
486,flin flon,54.7682,-101.865,256.07,84,88,4.79,CA,1700993621
487,castro,-24.7911,-50.0119,286.04,93,99,2.05,BR,1700993621
488,sabha,27.0377,14.4283,291.21,38,0,1.31,LY,1700993621
489,pasighat,28.0667,95.3333,296.47,53,0,0.2,IN,1700993622
490,jwaneng,-24.6004,24.7303,308.37,14,6,5.55,BW,1700993622
491,queenstown,-31.8976,26.8753,305.71,27,45,3.4,ZA,1700993622
492,dakoro,14.5106,6.765,305.79,16,100,4.38,NE,1700993622
493,kurayoshi,35.4333,133.8167,282.83,73,74,2.16,JP,1700993623
494,kavaratti,10.5669,72.642,301.94,69,68,2.08,IN,1700993361
495,betong,5.7743,101.0723,295.68,99,100,1.08,TH,1700993623
496,frutal,-20.0247,-48.9406,297.17,76,14,2.3,BR,1700993623
497,guiuan,11.0333,125.7247,301.47,82,17,5.06,PH,1700993624
498,awjilah,29.1081,21.2869,295.13,36,4,8.71,LY,1700993624
499,kafue,-15.7691,28.1814,307.33,25,19,3.05,ZM,1700993624
500,la'ie,21.6477,-157.9253,297.13,79,99,4.02,US,1700993625
501,coaldale,49.7167,-112.6185,272.7,93,100,2.57,CA,1700993625
502,znamenskoye,57.1281,73.8282,273.65,97,99,2.16,RU,1700993625
503,bubaque,11.2833,-15.8333,300.03,59,0,3.07,GW,1700993625
504,guerrero negro,27.9769,-114.0611,289.21,75,8,0.8,MX,1700993050
505,remire-montjoly,4.9167,-52.2667,298.17,94,75,1.54,GF,1700993626
506,klaksvik,62.2266,-6.589,280.66,92,100,9.58,FO,1700993626
507,manokwari,-0.8667,134.0833,300.2,83,54,3.37,ID,1700993508
508,tutoia,-2.7619,-42.2744,299.75,80,98,5.24,BR,1700993585
509,neka,36.6508,53.299,294.88,56,0,3.09,IR,1700993627
510,nova vicosa,-17.8919,-39.3719,298.08,65,100,5.09,BR,1700993628
511,fort st. john,56.2499,-120.8529,267.82,95,100,1.45,CA,1700993414
512,santa ana,33.7456,-117.8678,289.34,27,0,4.63,US,1700993403
513,cacu,-18.5567,-51.1308,297.39,75,3,1.61,BR,1700993628
514,porto torres,40.835,8.3972,287.25,59,31,7.77,IT,1700993628
515,ilave,-16.0833,-69.6667,281.22,81,98,3.37,PE,1700993629
516,hanceville,34.0607,-86.7675,281.98,94,2,3.36,US,1700993629
517,chibougamau,49.9168,-74.3659,263.94,92,20,3.09,CA,1700993629
518,galveston,29.3669,-94.9669,289.85,78,100,1.79,US,1700993629
519,port augusta,-32.5,137.7667,293.15,62,50,8.31,AU,1700993630
520,saint-laurent-du-maroni,5.5039,-54.0289,296.49,98,75,0.9,GF,1700993630
521,berezovo,63.9381,65.0419,255.15,100,87,2.06,RU,1700993630
522,timbuktu,16.7735,-3.0074,299.93,9,25,4.03,ML,1700993630
523,konosha,60.9736,40.257,261.11,88,54,1.22,RU,1700993631
524,luderitz,-26.6481,15.1594,299.76,44,2,7.55,NA,1700993631
525,kattivakkam,13.2167,80.3167,302.63,79,92,6.85,IN,1700993631
526,adrar,20.5022,-10.0711,294.14,17,0,4.06,MR,1700993631
527,dayr al balah,31.4166,34.3452,295.42,31,0,10.1,PS,1700993631
528,concordia,-31.393,-58.0209,289.14,95,32,1.34,AR,1700993632
529,taltal,-25.4,-70.4833,288.55,84,28,0.34,CL,1700993632
530,vila franca do campo,37.7167,-25.4333,293.38,99,100,10.85,PT,1700993512
531,touros,-5.1989,-35.4608,300.5,58,86,6.83,BR,1700993632
532,ciro marina,39.3732,17.126,285.08,45,26,8.42,IT,1700993633
533,kitimat,54.0524,-128.6534,276.36,63,100,1.48,CA,1700993633
534,rasskazovo,52.6714,41.9033,272.9,100,100,2.75,RU,1700993633
535,shortandy,51.7006,70.9994,272.89,70,99,2.01,KZ,1700993633
536,lhokseumawe,5.1801,97.1507,297.26,93,100,1.75,ID,1700993634
537,saint-joseph,-21.3667,55.6167,300.36,79,31,4.21,RE,1700993634
538,tyuratam,45.6507,63.3156,282.9,38,77,7.76,KZ,1700993634
539,choibalsan,48.0667,114.5,253.77,98,91,1.87,MN,1700993634
540,masterton,-40.9597,175.6575,281.97,86,0,1.41,NZ,1700993415
541,prince rupert,54.3161,-130.3201,279.98,95,75,2.06,CA,1700993635
542,chu,43.5983,73.7614,286.28,42,81,1.36,KZ,1700993635
543,arkhangel'sk,64.5401,40.5433,257.66,99,100,1.83,RU,1700993388
544,maxixe,-23.8597,35.3472,306.05,52,20,3.09,MZ,1700993636
545,addiet canna,11.2667,37.4833,295.12,36,84,2.93,ET,1700993636
546,wharton,29.3116,-96.1027,288.62,91,95,3.97,US,1700993509
547,mikhnevo,55.1272,37.9522,269.1,98,100,1.34,RU,1700993636
548,praia da vitoria,38.7333,-27.0667,292.46,100,75,12.46,PT,1700993637
549,acapulco de juarez,16.8634,-99.8901,298.05,88,20,2.06,MX,1700993637
550,lluta,-16.0147,-72.0142,284.47,60,100,0.71,PE,1700993637
551,mar del plata,-38.0023,-57.5575,291.77,87,0,7.15,AR,1700993637
552,yonan-up,37.9089,126.1611,278.87,76,100,3.04,KP,1700993638
553,essaouira,31.5125,-9.77,292.87,52,0,2.06,MA,1700993638
554,goundi,9.3627,17.366,309.74,17,78,1.58,TD,1700993639
555,westport,41.1415,-73.3579,274.12,86,0,0.0,US,1700993639
556,yasnogorsk,54.4803,37.6975,268.12,95,100,4.23,RU,1700993639
557,osh,40.5151,72.8083,285.51,58,100,2.0,KG,1700993437
558,kiruna,67.8557,20.2251,269.66,93,75,4.12,SE,1700993640
559,great falls,47.5002,-111.3008,273.4,83,100,3.09,US,1700993640
560,nagato,34.3833,131.2,284.45,71,45,1.11,JP,1700993640
561,balaipungut,1.05,101.2833,299.89,91,95,1.45,ID,1700993640
562,mejit,10.2753,170.8646,300.72,82,22,9.87,MH,1700993641
563,chaohu,31.6,117.8667,285.86,68,57,1.75,CN,1700993641
564,polovinnoye,54.7914,65.9864,274.57,98,100,2.12,RU,1700993641
565,khark,29.2614,50.3306,298.16,61,0,3.09,IR,1700993641
566,dalbandin,28.8947,64.4101,293.34,40,37,2.11,PK,1700993642
567,aizawl,23.7333,92.7167,297.04,57,20,1.03,IN,1700993642
568,al ghayzah,16.2079,52.176,302.04,51,7,2.5,YE,1700993642
569,nova bana,48.4231,18.6404,275.09,53,44,5.77,SK,1700993642
570,shumikha,55.2261,63.2961,273.57,94,95,2.51,RU,1700993643
571,smirnovo,54.5125,69.4222,274.16,100,100,1.96,KZ,1700993643
572,pullman,46.7313,-117.1796,270.21,93,0,0.0,US,1700993643
573,trail,49.0998,-117.7022,274.64,78,40,0.47,CA,1700993643
